mapa,verze,uzly,vlakna,cas
mapa15_5.txt,TASK,1,2,3.33646
mapa15_5.txt,TASK,1,4,1.50149
mapa15_5.txt,TASK,1,8,0.889921
mapa15_5.txt,TASK,1,12,0.686618
mapa15_5.txt,TASK,1,16,0.400895
mapa15_5.txt,TASK,1,32,0.461209
mapa15_5.txt,TASK,1,48,0.312875
mapa15_5.txt,DATA,1,2,0.986677
mapa15_5.txt,DATA,1,4,0.671324
mapa15_5.txt,DATA,1,8,0.315107
mapa15_5.txt,DATA,1,12,0.293629
mapa15_5.txt,DATA,1,16,0.229257
mapa15_5.txt,DATA,1,32,0.170651
mapa15_5.txt,DATA,1,48,0.192109
mapa15_5.txt,MPI,1,48,4.85946
mapa15_5.txt,MPI,2,48,10.0704
mapa15_5.txt,MPI,3,48,7.55778
mapa15_5.txt,MPI,4,48,6.36564
mapa3_11.txt,TASK,1,2,0.0503833
mapa3_11.txt,TASK,1,4,0.0493444
mapa3_11.txt,TASK,1,8,0.0321354
mapa3_11.txt,TASK,1,12,0.039303
mapa3_11.txt,TASK,1,16,0.0382863
mapa3_11.txt,TASK,1,32,0.0246515
mapa3_11.txt,TASK,1,48,0.0264632
mapa3_11.txt,DATA,1,2,0.0461306
mapa3_11.txt,DATA,1,4,0.0419292
mapa3_11.txt,DATA,1,8,0.0373306
mapa3_11.txt,DATA,1,12,0.037474
mapa3_11.txt,DATA,1,16,0.0366049
mapa3_11.txt,DATA,1,32,0.0372237
mapa3_11.txt,DATA,1,48,0.0626062
mapa3_11.txt,MPI,1,48,2.89261
mapa3_11.txt,MPI,2,48,4.9828
mapa3_11.txt,MPI,3,48,4.34978
mapa3_11.txt,MPI,4,48,3.74804
mapa3_5.txt,TASK,1,2,0.00699578
mapa3_5.txt,TASK,1,4,0.00754482
mapa3_5.txt,TASK,1,8,0.00794788
mapa3_5.txt,TASK,1,12,0.0087718
mapa3_5.txt,TASK,1,16,0.00870024
mapa3_5.txt,TASK,1,32,0.0106671
mapa3_5.txt,TASK,1,48,0.0118658
mapa3_5.txt,DATA,1,2,0.0104658
mapa3_5.txt,DATA,1,4,0.010816
mapa3_5.txt,DATA,1,8,0.0113797
mapa3_5.txt,DATA,1,12,0.0120882
mapa3_5.txt,DATA,1,16,0.0123506
mapa3_5.txt,DATA,1,32,0.0140267
mapa3_5.txt,DATA,1,48,0.0159445
mapa3_5.txt,MPI,1,48,3.15608
mapa3_5.txt,MPI,2,48,3.95306
mapa3_5.txt,MPI,3,48,3.40366
mapa3_5.txt,MPI,4,48,3.22803
mapa4_15.txt,TASK,1,2,0.506394
mapa4_15.txt,TASK,1,4,0.236558
mapa4_15.txt,TASK,1,8,0.0171748
mapa4_15.txt,TASK,1,12,0.0314362
mapa4_15.txt,TASK,1,16,0.0133906
mapa4_15.txt,TASK,1,32,0.0129952
mapa4_15.txt,TASK,1,48,0.0139959
mapa4_15.txt,DATA,1,2,0.049309
mapa4_15.txt,DATA,1,4,0.0472144
mapa4_15.txt,DATA,1,8,0.0405435
mapa4_15.txt,DATA,1,12,0.0404417
mapa4_15.txt,DATA,1,16,0.0405877
mapa4_15.txt,DATA,1,32,0.041387
mapa4_15.txt,DATA,1,48,0.080784
mapa4_15.txt,MPI,1,48,2.88563
mapa4_15.txt,MPI,2,48,5.91865
mapa4_15.txt,MPI,3,48,4.36259
mapa4_15.txt,MPI,4,48,4.56574
mapa5_11.txt,TASK,1,2,0.555956
mapa5_11.txt,TASK,1,4,0.316525
mapa5_11.txt,TASK,1,8,0.140691
mapa5_11.txt,TASK,1,12,0.10333
mapa5_11.txt,TASK,1,16,0.0825465
mapa5_11.txt,TASK,1,32,0.0515943
mapa5_11.txt,TASK,1,48,0.0776153
mapa5_11.txt,DATA,1,2,0.565131
mapa5_11.txt,DATA,1,4,0.291906
mapa5_11.txt,DATA,1,8,0.167148
mapa5_11.txt,DATA,1,12,0.125439
mapa5_11.txt,DATA,1,16,0.104794
mapa5_11.txt,DATA,1,32,0.0747361
mapa5_11.txt,DATA,1,48,0.0662807
mapa5_11.txt,MPI,1,48,4.021
mapa5_11.txt,MPI,2,48,7.77647
mapa5_11.txt,MPI,3,48,5.74642
mapa5_11.txt,MPI,4,48,4.93704
mapa5_15.txt,TASK,1,2,22.4186
mapa5_15.txt,TASK,1,4,11.0079
mapa5_15.txt,TASK,1,8,4.74811
mapa5_15.txt,TASK,1,12,3.86784
mapa5_15.txt,TASK,1,16,2.87791
mapa5_15.txt,TASK,1,32,1.99532
mapa5_15.txt,TASK,1,48,1.23415
mapa5_15.txt,DATA,1,2,20.0154
mapa5_15.txt,DATA,1,4,10.1286
mapa5_15.txt,DATA,1,8,5.28227
mapa5_15.txt,DATA,1,12,3.42935
mapa5_15.txt,DATA,1,16,2.57396
mapa5_15.txt,DATA,1,32,1.32365
mapa5_15.txt,DATA,1,48,0.950234
mapa5_15.txt,MPI,1,48,41.2743
mapa5_15.txt,MPI,2,48,85.987
mapa5_15.txt,MPI,3,48,46.8671
mapa5_15.txt,MPI,4,48,35.8741
mapa5_5.txt,TASK,1,2,0.0130375
mapa5_5.txt,TASK,1,4,0.0119078
mapa5_5.txt,TASK,1,8,0.0121557
mapa5_5.txt,TASK,1,12,0.0116267
mapa5_5.txt,TASK,1,16,0.0118875
mapa5_5.txt,TASK,1,32,0.0133749
mapa5_5.txt,TASK,1,48,0.0149948
mapa5_5.txt,DATA,1,2,0.0582361
mapa5_5.txt,DATA,1,4,0.0571941
mapa5_5.txt,DATA,1,8,0.0544476
mapa5_5.txt,DATA,1,12,0.054502
mapa5_5.txt,DATA,1,16,0.0545775
mapa5_5.txt,DATA,1,32,0.0553626
mapa5_5.txt,DATA,1,48,0.0565962
mapa5_5.txt,MPI,1,48,2.90036
mapa5_5.txt,MPI,2,48,4.64398
mapa5_5.txt,MPI,3,48,4.16098
mapa5_5.txt,MPI,4,48,3.46235
mapa7_10.txt,TASK,1,2,2.14206
mapa7_10.txt,TASK,1,4,0.0843539
mapa7_10.txt,TASK,1,8,0.0399271
mapa7_10.txt,TASK,1,12,0.0201479
mapa7_10.txt,TASK,1,16,0.0171548
mapa7_10.txt,TASK,1,32,0.0138081
mapa7_10.txt,TASK,1,48,0.0158977
mapa7_10.txt,DATA,1,2,0.606306
mapa7_10.txt,DATA,1,4,0.283743
mapa7_10.txt,DATA,1,8,0.160683
mapa7_10.txt,DATA,1,12,0.126961
mapa7_10.txt,DATA,1,16,0.110962
mapa7_10.txt,DATA,1,32,0.0736812
mapa7_10.txt,DATA,1,48,0.0670577
mapa7_10.txt,MPI,1,48,3.86313
mapa7_10.txt,MPI,2,48,6.8089
mapa7_10.txt,MPI,3,48,6.28022
mapa7_10.txt,MPI,4,48,5.7452
mapa7_11.txt,TASK,1,2,12.494
mapa7_11.txt,TASK,1,4,1.51236
mapa7_11.txt,TASK,1,8,0.0594596
mapa7_11.txt,TASK,1,12,0.0281327
mapa7_11.txt,TASK,1,16,0.0385856
mapa7_11.txt,TASK,1,32,0.0233564
mapa7_11.txt,TASK,1,48,0.0248783
mapa7_11.txt,DATA,1,2,3.7385
mapa7_11.txt,DATA,1,4,1.66253
mapa7_11.txt,DATA,1,8,0.797817
mapa7_11.txt,DATA,1,12,0.533027
mapa7_11.txt,DATA,1,16,0.403953
mapa7_11.txt,DATA,1,32,0.211465
mapa7_11.txt,DATA,1,48,0.148246
mapa7_11.txt,MPI,1,48,6.74097
mapa7_11.txt,MPI,2,48,31.9296
mapa7_11.txt,MPI,3,48,22.0765
mapa7_11.txt,MPI,4,48,21.1751
mapa7_7.txt,TASK,1,2,0.2395
mapa7_7.txt,TASK,1,4,0.0793137
mapa7_7.txt,TASK,1,8,0.0519054
mapa7_7.txt,TASK,1,12,0.0512143
mapa7_7.txt,TASK,1,16,0.00976506
mapa7_7.txt,TASK,1,32,0.0124794
mapa7_7.txt,TASK,1,48,0.0642185
mapa7_7.txt,DATA,1,2,0.129013
mapa7_7.txt,DATA,1,4,0.0996788
mapa7_7.txt,DATA,1,8,0.0756192
mapa7_7.txt,DATA,1,12,0.0690327
mapa7_7.txt,DATA,1,16,0.0662879
mapa7_7.txt,DATA,1,32,0.063471
mapa7_7.txt,DATA,1,48,0.0635442
mapa7_7.txt,MPI,1,48,3.86338
mapa7_7.txt,MPI,2,48,5.25276
mapa7_7.txt,MPI,3,48,4.03378
mapa7_7.txt,MPI,4,48,3.68578
mapa9_9.txt,TASK,1,2,21.066
mapa9_9.txt,TASK,1,4,7.19426
mapa9_9.txt,TASK,1,8,2.69882
mapa9_9.txt,TASK,1,12,1.78159
mapa9_9.txt,TASK,1,16,1.73297
mapa9_9.txt,TASK,1,32,1.25238
mapa9_9.txt,TASK,1,48,1.56446
mapa9_9.txt,DATA,1,2,21.2974
mapa9_9.txt,DATA,1,4,9.7176
mapa9_9.txt,DATA,1,8,4.51386
mapa9_9.txt,DATA,1,12,2.56868
mapa9_9.txt,DATA,1,16,1.83011
mapa9_9.txt,DATA,1,32,0.83646
mapa9_9.txt,DATA,1,48,0.649582
mapa9_9.txt,MPI,1,48,29.2734
mapa9_9.txt,MPI,2,48,23.121
mapa9_9.txt,MPI,3,48,13.9836
mapa9_9.txt,MPI,4,48,24.9554
